{
  "command": null,
  "duration": 46.579335,
  "height": 37,
  "width": 80,
  "stdout": [
    [
      0.082149,
      "[david@acercromie ~/new-nimblemachines-site]$ "
    ],
    [
      0.89584,
      "#"
    ],
    [
      0.220043,
      " "
    ],
    [
      0.167179,
      "A"
    ],
    [
      0.284094,
      "f"
    ],
    [
      0.720662,
      "t"
    ],
    [
      0.125871,
      "e"
    ],
    [
      0.118467,
      "r"
    ],
    [
      0.099244,
      " "
    ],
    [
      0.166641,
      "s"
    ],
    [
      0.105503,
      "e"
    ],
    [
      0.110769,
      "t"
    ],
    [
      0.134802,
      "t"
    ],
    [
      0.110921,
      "i"
    ],
    [
      0.114423,
      "n"
    ],
    [
      0.102094,
      "g"
    ],
    [
      0.489503,
      " "
    ],
    [
      1.475878,
      "t"
    ],
    [
      0.165322,
      "t"
    ],
    [
      0.240772,
      "y"
    ],
    [
      0.11404,
      " "
    ],
    [
      0.175976,
      "t"
    ],
    [
      0.096922,
      "o"
    ],
    [
      0.098618,
      " "
    ],
    [
      1.034434,
      "8"
    ],
    [
      0.081764,
      "0"
    ],
    [
      0.281129,
      " "
    ],
    [
      0.244748,
      "c"
    ],
    [
      0.113919,
      "o"
    ],
    [
      0.106886,
      "l"
    ],
    [
      0.114281,
      "u"
    ],
    [
      0.1264,
      "m"
    ],
    [
      0.587651,
      "n"
    ],
    [
      0.444993,
      ":"
    ],
    [
      0.47902,
      "  \r"
    ],
    [
      0.323435,
      "s"
    ],
    [
      2.291234,
      "t"
    ],
    [
      0.159413,
      "t"
    ],
    [
      0.285895,
      "y"
    ],
    [
      0.283221,
      " "
    ],
    [
      1.686981,
      "c"
    ],
    [
      0.12119,
      "o"
    ],
    [
      0.126315,
      "l"
    ],
    [
      0.257095,
      "s"
    ],
    [
      0.108807,
      " "
    ],
    [
      0.258898,
      "8"
    ],
    [
      0.079587,
      "0"
    ],
    [
      1.240521,
      "\r\n[david@acercromie ~/new-nimblemachines-site]$ "
    ],
    [
      3.338206,
      "l"
    ],
    [
      0.137756,
      "u"
    ],
    [
      0.047355,
      "a"
    ],
    [
      0.435975,
      " "
    ],
    [
      0.433331,
      "g"
    ],
    [
      0.086773,
      "e"
    ],
    [
      0.104117,
      "n"
    ],
    [
      0.108042,
      "\u0007erate"
    ],
    [
      0.411693,
      "."
    ],
    [
      0.241504,
      "lua "
    ],
    [
      1.177278,
      "n"
    ],
    [
      0.084325,
      "i"
    ],
    [
      0.640432,
      "\b\u001b[K"
    ],
    [
      0.139467,
      "\b\u001b[K"
    ],
    [
      0.269588,
      "l"
    ],
    [
      0.454942,
      "\b\u001b[K"
    ],
    [
      0.111189,
      "a"
    ],
    [
      0.156448,
      "l"
    ],
    [
      0.145881,
      "l"
    ],
    [
      0.149933,
      " "
    ],
    [
      0.177679,
      "n"
    ],
    [
      0.075924,
      "i"
    ],
    [
      0.821093,
      "m"
    ],
    [
      0.192009,
      "b"
    ],
    [
      0.148435,
      "l"
    ],
    [
      0.132008,
      "e"
    ],
    [
      0.621553,
      "\r\n"
    ],
    [
      0.009392,
      "rsync -iur nimble/root/ github-nimble-html\r\n"
    ],
    [
      0.010098,
      "rsync -iurL --delete nimble/asset/ github-nimble-html/-\r\n"
    ],
    [
      0.038805,
      "P page 2005\r\n"
    ],
    [
      0.011532,
      "    interwiki Wiki http://c2.com/cgi/wiki? WikiReadingHabits\r\n"
    ],
    [
      0.000276,
      "    interwiki Wiki http://c2.com/cgi/wiki? RecentChangesJunkie\r\n"
    ],
    [
      0.008773,
      "P page 2006\r\n"
    ],
    [
      0.034223,
      "    interwiki Wikipedia http://en.wikipedia.org/wiki/ Ivan_Illich\r\n"
    ],
    [
      0.09484,
      "P page 2007\r\n"
    ],
    [
      0.194071,
      "    interwiki Wiki http://c2.com/cgi/wiki? WardsWiki\r\n    interwiki Wiki http://c2.com/cgi/wiki? OrwellsParody\r\n"
    ],
    [
      0.005405,
      "    interwiki Wiki http://c2.com/cgi/wiki? MinorEdit\r\n    interwiki Wiki http://c2.com/cgi/wiki? WardsWiki\r\n"
    ],
    [
      0.013777,
      "    interwiki Wikipedia http://en.wikipedia.org/wiki/ Trimpin\r\n"
    ],
    [
      0.066097,
      "    interwiki Wiki http://c2.com/cgi/wiki? CategoryCategory\r\n"
    ],
    [
      0.046443,
      "P page 2008\r\n"
    ],
    [
      0.073931,
      "P page 2009\r\n"
    ],
    [
      0.033945,
      "P page 2010\r\n"
    ],
    [
      0.068395,
      "P page 2013\r\n"
    ],
    [
      0.033897,
      "P page 2014\r\n"
    ],
    [
      0.141239,
      "P page 2015\r\n"
    ],
    [
      0.014335,
      "P page 2016\r\n"
    ],
    [
      0.125994,
      "P page 2017\r\n"
    ],
    [
      0.016255,
      "P page 2018\r\n"
    ],
    [
      0.030525,
      "P page alan-kay\r\n"
    ],
    [
      0.014188,
      "P page apache-server-issues\r\n"
    ],
    [
      0.013225,
      "P page arm-architecture\r\n"
    ],
    [
      0.031693,
      "P page arm-cortex-m-development-board\r\n"
    ],
    [
      0.004934,
      "P page arm-development-board\r\n"
    ],
    [
      0.026831,
      "P page bookmarks-from-delicious\r\n"
    ],
    [
      0.442023,
      "P page chromebook-diary\r\n"
    ],
    [
      0.125623,
      "P page cmsis-dap\r\n"
    ],
    [
      0.022586,
      "P page code-reviews\r\n"
    ],
    [
      0.029946,
      "P page command-line-considered-friendly\r\n"
    ],
    [
      0.00332,
      "P page convivial-computing-hardware\r\n"
    ],
    [
      0.008526,
      "P page convivial-tool\r\n"
    ],
    [
      0.00595,
      "    interwiki Wikipedia http://en.wikipedia.org/wiki/ Ivan_Illich\r\n"
    ],
    [
      0.014722,
      "    interwiki Wikipedia http://en.wikipedia.org/wiki/ Trimpin\r\n"
    ],
    [
      0.022393,
      "P page david-frech\r\n"
    ],
    [
      0.005684,
      "P page debugging-ssh-and-bash\r\n"
    ],
    [
      0.047041,
      "P page demystifying-create-does\r\n"
    ],
    [
      0.04876,
      "P page dual-purpose-motorcycle\r\n"
    ],
    [
      0.021682,
      "P page dvorak-keyboard-layout-considered-harmful\r\n"
    ],
    [
      0.013368,
      "P page eight-bit-microcontrollers-are-obsolete\r\n"
    ],
    [
      0.025503,
      "P page fig-forth\r\n"
    ],
    [
      0.019771,
      "P page frdm-k20d50m\r\n"
    ],
    [
      0.00823,
      "P page frdm-kl25z\r\n"
    ],
    [
      0.032718,
      "    interwiki Fsc32Bsp http://cache.freescale.com/files/32bit/software/board_support_packages/ FRDM-KL25Z_QSP.zip\r\n"
    ],
    [
      0.004403,
      "    interwiki Fsc32Bsp http://cache.freescale.com/files/32bit/software/board_support_packages/ FRDM-KL25Z_QSP.zip\r\n"
    ],
    [
      0.005481,
      "P page frdm-kl46z\r\n"
    ],
    [
      0.037184,
      "    interwiki Fsc32Bsp http://cache.freescale.com/files/32bit/software/board_support_packages/ FRDM-KL46Z_QSP.exe\r\n"
    ],
    [
      0.005964,
      "    interwiki Fsc32Bsp http://cache.freescale.com/files/32bit/software/board_support_packages/ FRDM-KL46Z_QSP.exe\r\n"
    ],
    [
      0.005696,
      "P page freescale\r\n"
    ],
    [
      0.003451,
      "P page freescale-freedom-board\r\n"
    ],
    [
      0.013558,
      "P page freescale-hc08\r\n"
    ],
    [
      0.013055,
      "    interwiki Fsc8 http://cache.freescale.com/files/microcontrollers/doc/ data_sheet/MC68HC908QB8.pdf\r\n"
    ],
    [
      0.012132,
      "P page freescale-hcs08\r\n"
    ],
    [
      0.018798,
      "    interwiki Fsc8 http://cache.freescale.com/files/microcontrollers/doc/ ref_manual/HCS08RMV1.pdf\r\n    interwiki Fsc8 http://cache.freescale.com/files/microcontrollers/doc/ ref_manual/M68HC05TB.pdf\r\n"
    ],
    [
      0.003282,
      "    interwiki Fsc8 http://cache.freescale.com/files/microcontrollers/doc/ data_sheet/MC68HC908QB.pdf\r\n"
    ],
    [
      0.009861,
      "P page freescale-s08jm\r\n"
    ],
    [
      0.016476,
