{
  "command": null,
  "width": 127,
  "duration": 30.257673,
  "version": 1,
  "env": {
    "SHELL": "/bin/bash",
    "TERM": "xterm"
  },
  "title": null,
  "height": 37,
  "stdout": [
    [
      0.073892,
      "[david@acercromie ~/new-nimblemachines-site]$ "
    ],
    [
      1.317278,
      "#"
    ],
    [
      0.160883,
      " "
    ],
    [
      0.253301,
      "T"
    ],
    [
      0.343305,
      "h"
    ],
    [
      0.152111,
      "i"
    ],
    [
      0.07528,
      "s"
    ],
    [
      0.096858,
      " "
    ],
    [
      0.138716,
      "i"
    ],
    [
      0.083093,
      "s"
    ],
    [
      0.087842,
      " "
    ],
    [
      0.182522,
      "a"
    ],
    [
      0.099212,
      " "
    ],
    [
      0.395372,
      "c"
    ],
    [
      0.063874,
      "h"
    ],
    [
      0.088156,
      "r"
    ],
    [
      0.1133,
      "o"
    ],
    [
      0.271147,
      "m"
    ],
    [
      0.166448,
      "e"
    ],
    [
      0.209842,
      "b"
    ],
    [
      0.065275,
      "o"
    ],
    [
      0.142726,
      "o"
    ],
    [
      0.165967,
      "k"
    ],
    [
      0.376957,
      "."
    ],
    [
      1.161117,
      "\r\n"
    ],
    [
      0.000825,
      "[david@acercromie ~/new-nimblemachines-site]$ "
    ],
    [
      2.760754,
      "u"
    ],
    [
      0.09479,
      "n"
    ],
    [
      0.088837,
      "a"
    ],
    [
      0.108082,
      "m"
    ],
    [
      0.086369,
      "e"
    ],
    [
      0.134332,
      " "
    ],
    [
      0.158281,
      "-"
    ],
    [
      0.151999,
      "a"
    ],
    [
      0.402098,
      "\r\n"
    ],
    [
      0.00382,
      "Linux localhost 3.18.0-16288-g64d05cf80004 #1 SMP PREEMPT Mon Jan 8 23:16:08 PST 2018 x86_64 Intel(R) Celeron(R) CPU N3160 @ 1.60GHz GenuineIntel GNU/Linux\r\n"
    ],
    [
      0.000966,
      "[david@acercromie ~/new-nimblemachines-site]$ "
    ],
    [
      1.601079,
      "p"
    ],
    [
      0.100442,
      " "
    ],
    [
      0.184556,
      "/"
    ],
    [
      0.1067,
      "e"
    ],
    [
      0.121151,
      "t"
    ],
    [
      0.32301,
      "c"
    ],
    [
      0.226007,
      "/"
    ],
    [
      0.923617,
      "\r\n"
    ],
    [
      0.010835,
      "DIR_COLORS            environment      hosts          \u001b[0m\u001b[01;34mlocal.d\u001b[0m/      networks       \u001b[01;34mpython-exec\u001b[0m/  \u001b[01;34msgml\u001b[0m/        \u001b[00;32mudhcpd.conf\u001b[0m\r\n\u001b[01;34mbash\u001b[0m/                 \u001b[00;32metc-update.conf\u001b[0m  \u001b[01;34minit.d\u001b[0m/        locale.gen    \u001b[00;32mnsswitch.conf\u001b[0m  \u001b[00;32mrc.conf\u001b[0m       shadow       wgetrc\r\n"
    ],
    [
      0.000203,
      "\u001b[01;34mca-certificates\u001b[0m/      filesystems      inittab        localtime     os-release     \u001b[00;32mresolv.conf\u001b[0m   shadow-      \u001b[01;34mxinetd.d\u001b[0m/\r\n\u001b[00;32mca-certificates.conf\u001b[0m  fstab            inputrc        login.defs    \u001b[01;34mpam.d\u001b[0m/         \u001b[01;32mrmt\u001b[0m*          shells       \u001b[01;34mxml\u001b[0m/\r\n\u001b[01;34mconf.d\u001b[0m/               \u001b[00;32mgai.conf\u001b[0m         \u001b[01;34miproute2\u001b[0m/      \u001b[01;34mlogrotate.d\u001b[0m/  passwd         rpc           \u001b[01;34mskel\u001b[0m/\r\n\u001b[01;34mcron.daily\u001b[0m/           gentoo-release   issue          \u001b[00;32mman_db.conf\u001b[0m   passwd-        \u001b[00;32mrsyncd.conf\u001b[0m   \u001b[01;34mssh\u001b[0m/\r\ncsh.env               group            issue.logo     mime.types    \u001b[01;34mportage\u001b[0m/       \u001b[01;34mrunlevels\u001b[0m/    \u001b[01;34mssl\u001b[0m/\r\n\u001b[01;34mdefault\u001b[0m/              group-           \u001b[01;34mkernel\u001b[0m/        \u001b[00;32mmke2fs.conf\u001b[0m   profile        \u001b[00;32msandbox.conf\u001b[0m  \u001b[00;32msysctl.conf\u001b[0m\r\n\u001b[00;32mdispatch-conf.conf\u001b[0m    gshadow          ld.so.cache    \u001b[01;34mmodpr"
    ],
    [
      0.00019,
      "obe.d\u001b[0m/   \u001b[01;34mprofile.d\u001b[0m/     \u001b[01;34msandbox.d\u001b[0m/    \u001b[01;34msysctl.d\u001b[0m/\r\n\u001b[00;32me2fsck.conf\u001b[0m           gshadow-         \u001b[00;32mld.so.conf\u001b[0m     \u001b[01;36mmtab\u001b[0m@         profile.env    \u001b[01;34msecurity\u001b[0m/     \u001b[01;34mterminfo\u001b[0m/\r\n\u001b[01;34menv.d\u001b[0m/                \u001b[00;32mhost.conf\u001b[0m        \u001b[01;34mld.so.conf.d\u001b[0m/  nanorc        protocols      services      \u001b[01;34mudev\u001b[0m/\r\n"
    ],
    [
      0.001665,
      "[david@acercromie ~/new-nimblemachines-site]$ "
    ],
    [
      2.078721,
      "c"
    ],
    [
      0.115968,
      "a"
    ],
    [
      0.13483,
      "t"
    ],
    [
      0.133093,
      " "
    ],
    [
      0.15955,
      "/"
    ],
    [
      0.125628,
      "e"
    ],
    [
      0.111924,
      "t"
    ],
    [
      0.151673,
      "c/"
    ],
    [
      1.060403,
      "g"
    ],
    [
      0.078782,
      "e"
    ],
    [
      0.129563,
      "n"
    ],
    [
      0.179181,
      "t"
    ],
    [
      0.140127,
      "oo-release "
    ],
    [
      0.960581,
      "\r\n"
    ],
    [
      0.004861,
      "Gentoo Base System release 2.4.1\r\n"
    ],
    [
      0.001123,
      "[david@acercromie ~/new-nimblemachines-site]$ "
    ],
    [
      1.186464,
      "#"
    ],
    [
      0.184557,
      " "
    ],
    [
      0.330439,
      "R"
    ],
    [
      0.255298,
      "u"
    ],
    [
      0.119398,
      "n"
    ],
    [
      0.150768,
      "n"
    ],
    [
      0.137115,
      "i"
    ],
    [
      0.128564,
      "n"
    ],
    [
      0.100632,
      "g"
    ],
    [
      0.190593,
      " "
    ],
    [
      1.470939,
      "G"
    ],
    [
      0.245179,
      "e"
    ],
    [
      0.344356,
      "n"
    ],
    [
      0.436094,
      "t"
    ],
    [
      0.080591,
      "o"
    ],
    [
      0.171317,
      "o"
    ],
    [
      1.577085,
      " "
    ],
    [
      0.398521,
      "i"
    ],
    [
      0.082428,
      "n"
    ],
    [
      0.054852,
      " "
    ],
    [
      0.31201,
      "a"
    ],
    [
      0.144512,
      " "
    ],
    [
      0.402583,
      "c"
    ],
    [
      0.05565,
      "h"
    ],
    [
      0.151978,
      "r"
    ],
    [
      0.107466,
      "o"
    ],
    [
      0.149634,
      "o"
    ],
    [
      0.141097,
      "t"
    ],
    [
      1.705227,
      "\r\n[david@acercromie ~/new-nimblemachines-site]$ "
    ]
  ]
}